frames,blue x,blue y,green x,green y,pink x,pink y,yellow x,yellow y
1,1474.9454545454546,472.74545454545455,1464.0487804878048,509.58048780487803,2293.0173913043477,591.2521739130435,2292.8524590163934,566.8032786885246
2,1474.301775147929,472.59763313609466,1463.6701030927834,509.3453608247423,2293.1363636363635,590.6136363636364,2292.5365853658536,566.0243902439024
3,1473.8926553672316,472.6101694915254,1463.53125,509.28125,2292.7798165137615,588.3577981651376,2292.4324324324325,564.7567567567568
4,1473.4806629834254,472.6077348066298,1463.2472527472528,509.13186813186815,2292.6373626373625,588.0989010989011,2292.277777777778,563.1666666666666
5,1472.9329608938547,472.340782122905,1462.7597765363128,508.64245810055866,2292.6736842105265,585.9894736842106,2292.0714285714284,561.5952380952381
6,1472.6511627906978,472.24418604651163,1462.558659217877,508.7486033519553,2292.6263736263736,584.0769230769231,2291.95,559.575
7,1472.855421686747,471.90361445783134,1462.5303867403316,508.37016574585635,2292.021978021978,582.0439560439561,2292.1,557.5
8,1472.9689440993789,471.59627329192546,1462.7666666666667,508.47777777777776,2292.9764705882353,578.6705882352941,2292.5,554.1
9,1473.1358024691358,471.1111111111111,1463.9358288770054,508.0427807486631,2293.772151898734,574.2025316455696,2293.5666666666666,550.0
10,1473.6626506024097,470.43975903614455,1464.434065934066,507.5164835164835,2295.205479452055,570.2191780821918,2294.2162162162163,545.7567567567568
11,1475.013071895425,469.3921568627451,1465.2832369942196,506.485549132948,2295.8194444444443,568.375,2294.6969696969695,543.969696969697
12,1475.9349112426034,468.7455621301775,1466.3793103448277,505.51724137931035,2297.3909774436092,566.827067669173,2296.2926829268295,543.0
13,1476.7116564417179,468.2822085889571,1466.7954545454545,504.85795454545456,2298.813559322034,565.1355932203389,2296.8888888888887,541.3888888888889
14,1477.1875,467.43125,1467.8932584269662,504.9157303370786,2299.4166666666665,564.75,2297.5925925925926,540.9074074074074
15,1477.783950617284,467.3333333333333,1468.1358695652175,504.6521739130435,2299.464,564.4,2298.2558139534885,540.0697674418604
16,1477.8220858895706,467.3558282208589,1468.1358695652175,504.6521739130435,2299.816513761468,563.7522935779816,2298.5,539.8181818181819
17,1477.2710843373493,466.86746987951807,1467.5,504.6032608695652,2299.1171171171172,562.5495495495495,2297.3846153846152,538.6410256410256
18,1476.6149425287356,466.9022988505747,1466.6306818181818,504.34090909090907,2298.5963302752293,562.0091743119266,2296.4210526315787,538.1578947368421
19,1475.695652173913,466.472049689441,1465.8711340206185,503.67525773195877,2297.7169811320755,561.4150943396227,2296.5,536.5
20,1474.7798742138364,465.76100628930817,1465.0053475935829,503.67914438502675,2297.5862068965516,560.0086206896551,2294.9,536.3
21,1473.9493670886077,465.56962025316454,1464.4010695187167,503.5882352941176,2296.801801801802,559.8738738738739,2294.4444444444443,535.6296296296297
22,1473.3892617449665,465.51677852348996,1463.6342857142856,503.3485714285714,2295.965217391304,560.104347826087,2293.468085106383,535.4468085106383
23,1472.6381578947369,465.38157894736844,1462.8201058201057,503.35978835978835,2295.0782608695654,559.9652173913043,2292.625,534.78125
24,1471.8098159509202,465.4539877300613,1463.0765027322404,503.04371584699453,2293.905982905983,558.965811965812,2292.255319148936,536.0851063829788
25,1471.562874251497,464.8922155688623,1462.6091954022988,502.5,2294.663636363636,558.0,2292.6451612903224,534.8387096774194
26,1472.1464968152866,464.4649681528662,1462.5502958579882,502.2544378698225,2294.453703703704,556.8425925925926,2292.366666666667,532.9
27,1472.3734939759036,463.9277108433735,1463.1444444444444,501.55,2295.233009708738,555.4271844660194,2293.0714285714284,531.0714285714286
28,1472.9130434782608,462.8447204968944,1463.8368421052633,500.9157894736842,2296.3917525773195,553.7216494845361,2293.7727272727275,529.5909090909091
29,1473.969512195122,462.5121951219512,1464.3494623655913,500.71505376344084,2296.6145833333335,553.5833333333334,2294.4883720930234,529.9302325581396
30,1475.0348837209303,462.5755813953488,1465.197604790419,500.49101796407183,2297.3333333333335,553.7070707070707,2295.268292682927,530.3170731707318
31,1475.320987654321,462.81481481481484,1466.1602209944751,500.9337016574586,2298.6761904761906,555.2571428571429,2296.25,530.75
32,1476.1913580246915,462.8395061728395,1466.7247191011236,500.97752808988764,2298.9166666666665,555.6458333333334,2296.5,531.5
33,1476.2331288343557,463.0920245398773,1466.7586206896551,501.1666666666667,2299.121212121212,556.10101010101,2296.5714285714284,531.9285714285714
34,1476.4347826086957,463.3975155279503,1467.026595744681,501.46276595744683,2299.267326732673,556.1485148514852,2296.5714285714284,532.5714285714286
35,1476.583850931677,464.2546583850932,1466.978021978022,502.032967032967,2299.3362068965516,557.75,2296.6470588235293,532.6176470588235
36,1475.9620253164558,463.44303797468353,1466.6312849162011,502.4245810055866,2297.978102189781,557.9343065693431,2296.6486486486488,534.1081081081081
37,1475.3375,464.53125,1465.746192893401,503.11167512690355,2297.0138888888887,558.3541666666666,2296.5,534.9
38,1474.5855263157894,465.30263157894734,1464.979797979798,503.67676767676767,2296.653846153846,559.3153846153846,2294.586956521739,535.3478260869565
39,1473.204081632653,465.51020408163265,1463.4708737864078,504.21844660194176,2295.3790322580644,559.0403225806451,2293.4222222222224,535.4666666666667
40,1471.5612903225806,466.258064516129,1462.1076923076923,504.97435897435895,2294.6141732283463,558.3149606299213,2292.0377358490564,534.6792452830189
41,1470.360544217687,466.9387755102041,1460.8636363636363,505.54545454545456,2293.1742424242425,556.7575757575758,2290.586956521739,533.3478260869565
42,1469.3221476510066,467.2281879194631,1460.0461538461539,505.87179487179486,2292.8560606060605,555.4242424242424,2290.1,531.5
43,1467.9583333333333,468.25,1459.0564102564103,506.0769230769231,2291.9166666666665,552.675,2288.815789473684,529.5263157894736
44,1466.9476744186047,468.0988372093023,1458.427807486631,505.81283422459893,2290.659090909091,550.0984848484849,2288.0666666666666,526.3
45,1466.1387283236995,468.0693641618497,1457.509708737864,505.59708737864077,2290.5426356589146,547.2015503875969,2287.181818181818,523.5
46,1465.2151898734178,467.24050632911394,1456.8214285714287,505.82142857142856,2289.8333333333335,543.8636363636364,2286.5757575757575,519.6060606060606
47,1464.422077922078,467.14285714285717,1456.0154639175257,505.58247422680415,2289.5615384615385,540.3692307692307,2285.9285714285716,516.5
48,1463.587570621469,466.77966101694915,1455.4216216216216,505.14054054054054,2290.561403508772,537.2368421052631,2286.735294117647,512.5294117647059
49,1462.3892215568862,466.8263473053892,1454.387640449438,504.57865168539325,2288.9823008849557,533.0,2284.860465116279,508.2325581395349
50,1461.0617283950617,466.679012345679,1453.0828729281768,504.43093922651934,2288.2181818181816,528.1,2284.1176470588234,503.4117647058824
51,1459.654761904762,466.67857142857144,1451.4569892473119,504.40860215053766,2286.723577235772,523.2520325203252,2282.366666666667,498.93333333333334
52,1457.9878048780488,466.5182926829268,1450.3296089385474,504.44692737430165,2284.146853146853,518.3986013986014,2281.1724137931033,494.51724137931035
53,1455.3313953488373,466.6918604651163,1448.096256684492,504.6363636363636,2281.8467153284673,514.3795620437957,2278.9,490.6
54,1452.5647058823529,466.99411764705883,1445.1135135135135,504.75135135135133,2279.318181818182,511.2651515151515,2276.3823529411766,487.3529411764706
55,1449.4519774011299,467.54802259887003,1442.4590163934427,504.94535519125685,2276.7833333333333,508.8333333333333,2272.653846153846,485.2692307692308
56,1446.04,467.44,1439.2704081632653,505.1938775510204,2273.6293103448274,507.33620689655174,2270.1,483.7
57,1442.2542372881355,467.5141242937853,1435.413612565445,504.9109947643979,2269.776785714286,505.375,2266.1,481.7
58,1438.5460122699387,466.8773006134969,1431.6878306878307,504.77777777777777,2265.989247311828,503.40860215053766,2262.2903225806454,478.83870967741933
59,1434.994011976048,466.8443113772455,1428.3846153846155,504.64835164835165,2262.3968253968255,502.5238095238095,2258.285714285714,477.45714285714286
60,1431.8052631578948,467.13157894736844,1424.7709497206704,504.76536312849163,2258.785046728972,501.3644859813084,2255.7096774193546,477.4193548387097
61,1428.0994475138123,466.89502762430936,1421.34375,504.5,2255.198198198198,500.6216216216216,2252.125,476.0
62,1424.9385474860335,466.99441340782124,1418.235294117647,504.9251336898396,2252.490740740741,500.81481481481484,2248.6666666666665,475.8666666666667
63,1421.8524590163934,466.95628415300547,1415.3551912568305,505.0382513661202,2249.5390625,500.7734375,2245.945945945946,475.4864864864865
64,1419.0056497175142,466.7570621468927,1412.5666666666666,504.9,2246.75,499.80357142857144,2243.1944444444443,475.44444444444446
65,1416.4166666666667,466.77777777777777,1409.7357512953367,504.6373056994819,2244.4910714285716,499.9017857142857,2240.9,475.5
66,1414.0432432432433,466.2810810810811,1407.1263157894737,504.07894736842104,2242.09243697479,499.93277310924367,2238.5,474.9
67,1411.686170212766,465.96276595744683,1404.7891891891893,503.5189189189189,2239.7118644067796,499.3898305084746,2236.5,474.5
68,1409.7195767195767,465.6137566137566,1402.8247422680413,503.2628865979381,2237.811965811966,499.8376068376068,2234.5,474.9
69,1407.3333333333333,464.76271186440675,1400.5189189189189,502.74054054054056,2235.5158730158732,500.58730158730157,2232.4117647058824,475.6764705882353
70,1404.8959537572255,464.6242774566474,1398.328125,502.734375,2233.423076923077,501.3615384615385,2230.4634146341464,476.9756097560976
71,1402.66091954023,464.6264367816092,1395.5671641791046,503.13432835820896,2230.992366412214,503.36641221374043,2227.7906976744184,477.7906976744186
72,1400.5942857142857,464.6114285714286,1392.9086021505377,503.0967741935484,2229.1804511278197,505.16541353383457,2225.516129032258,479.61290322580646
73,1397.9367816091954,464.6954022988506,1390.7754010695187,503.19786096256684,2226.753846153846,506.9923076923077,2223.3333333333335,481.0
74,1395.6785714285713,464.8392857142857,1387.8358974358973,503.14358974358976,2224.733944954128,508.0642201834862,2221.409090909091,482.72727272727275
75,1393.2411764705882,464.88235294117646,1385.261780104712,503.13612565445027,2221.972222222222,509.89814814814815,2218.214285714286,485.3809523809524
76,1390.8994082840236,465.2307692307692,1383.11,503.625,2219.7179487179487,512.2735042735043,2215.5,487.5
77,1388.8333333333333,465.358024691358,1380.7641025641026,503.8102564102564,2217.3333333333335,514.936507936508,2213.3703703703704,490.0740740740741
78,1386.389534883721,466.2732558139535,1378.1302083333333,504.40625,2215.222222222222,517.6837606837607,2211.1111111111113,493.18518518518516
79,1384.3831168831168,466.7857142857143,1376.0994764397906,504.9895287958115,2213.2075471698113,520.0471698113207,2209.0344827586205,496.37931034482756
80,1382.9509202453987,466.84662576687117,1374.3650793650793,505.15343915343914,2211.764705882353,523.1078431372549,2207.3636363636365,498.6818181818182
81,1381.4764705882353,467.0705882352941,1373.1785714285713,505.57142857142856,2209.3365384615386,525.5096153846154,2206.9615384615386,501.15384615384613
82,1380.6625766871166,467.44171779141107,1371.6458333333333,505.7604166666667,2208.4920634920636,528.6984126984127,2204.7555555555555,503.8
83,1380.3742331288342,467.57055214723925,1371.4041450777202,505.76683937823833,2208.0,531.0,2204.6279069767443,505.86046511627904
84,1379.5714285714287,468.2057142857143,1370.8032786885246,506.0327868852459,2207.0185185185187,533.3333333333334,2205.2580645161293,508.1290322580645
85,1379.4754098360656,468.58469945355193,1370.828729281768,506.24309392265195,2206.709219858156,535.5248226950355,2204.9473684210525,511.44736842105266
86,1379.6256983240223,468.5586592178771,1370.828729281768,506.24309392265195,2206.484076433121,536.8726114649681,2205.0,512.7037037037037
87,1380.2748538011697,468.6198830409357,1371.223404255319,506.53723404255317,2207.1492537313434,537.7164179104477,2205.9,514.0
88,1380.8926553672316,469.1073446327684,1371.784946236559,506.88709677419354,2207.595588235294,539.1838235294117,2206.375,514.625
89,1381.3728813559321,469.4689265536723,1372.304347826087,507.14130434782606,2208.3798449612405,539.922480620155,2206.3333333333335,515.5
90,1381.9668508287293,469.4696132596685,1372.9783783783785,507.427027027027,2209.4836065573772,540.3360655737705,2207.3333333333335,516.1904761904761
91,1382.6631016042782,470.37433155080214,1373.1686046511627,508.3837209302326,2209.624,541.552,2207.3333333333335,517.1666666666666
92,1383.034090909091,471.08522727272725,1373.7701149425288,508.6034482758621,2209.9561403508774,542.1491228070175,2207.3333333333335,517.8333333333334
93,1383.4,471.9794871794872,1374.2628571428572,509.5257142857143,2211.0578512396696,543.5867768595041,2208.181818181818,518.7727272727273
94,1383.9633507853403,472.72251308900525,1374.534090909091,510.42045454545456,2211.3760683760684,544.0683760683761,2209.0384615384614,519.1538461538462
95,1384.090909090909,473.32954545454544,1374.699421965318,511.0751445086705,2211.075630252101,545.436974789916,2209.3,520.4666666666667
96,1384.4335260115606,473.7456647398844,1375.9076923076923,512.4,2212.309090909091,546.0636363636364,2209.3571428571427,521.0714285714286
97,1384.7954545454545,474.72727272727275,1376.4457142857143,512.6628571428571,2212.991666666667,546.3416666666667,2209.7272727272725,521.0909090909091
98,1385.8111111111111,475.1111111111111,1377.1396648044692,513.1731843575419,2213.314049586777,546.1157024793389,2210.1875,521.09375
99,1387.0994475138123,475.2817679558011,1378.4754098360656,513.344262295082,2213.890510948905,546.4014598540145,2211.1428571428573,520.6607142857143
100,1387.9887005649719,475.4406779661017,1379.55,513.74,2214.7844827586205,545.5258620689655,2212.4358974358975,520.4615384615385
101,1389.5444444444445,475.44444444444446,1380.7379679144385,513.6577540106952,2216.427272727273,545.4,2213.6304347826085,519.5434782608696
102,1390.5906432748538,475.43859649122805,1381.9949494949494,513.8131313131313,2217.362068965517,544.8620689655172,2214.681818181818,519.2272727272727
103,1391.819209039548,475.3333333333333,1383.3144329896907,513.7474226804123,2218.8440366972477,544.1284403669724,2216.2,518.9333333333333
104,1393.2099447513813,475.3756906077348,1384.5401069518716,513.475935828877,2220.271028037383,542.4579439252336,2216.775,517.5
105,1394.4134078212292,474.97206703910615,1385.8368421052633,513.1947368421053,2221.4285714285716,542.0380952380953,2218.315789473684,517.0
106,1395.6279069767443,474.5174418604651,1386.9662921348315,512.7752808988764,2222.8,541.1909090909091,2219.4,516.52
107,1396.9714285714285,474.4,1388.2717391304348,512.5,2224.136842105263,540.5473684210526,2220.8,515.28
108,1397.4709302325582,474.0813953488372,1388.4947916666667,512.515625,2224.5575221238937,539.4601769911504,2224.0,516.0
109,1397.7845303867402,474.1988950276243,1389.3668341708542,512.2462311557789,2224.8595041322315,539.2314049586777,2224.0,516.0
110,1398.1711229946525,474.42245989304814,1389.6224489795918,512.4948979591836,2225.155172413793,539.2758620689655,2224.0,516.0
111,1398.4719101123596,474.5674157303371,1389.6649746192893,512.5685279187817,2225.3577981651374,539.1192660550458,2222.5,515.5
112,1397.8636363636363,474.6761363636364,1389.3668341708542,513.0502512562814,2224.896551724138,538.6379310344828,2222.4,514.8
113,1397.7391304347825,474.82608695652175,1388.7128712871288,513.3168316831683,2224.3644859813085,538.8598130841121,2221.3333333333335,514.8888888888889
114,1397.5185185185185,475.26984126984127,1388.4577114427861,513.5124378109452,2224.686956521739,539.4260869565218,2221.35,515.5
115,1397.0677966101696,475.2994350282486,1387.9950980392157,513.5196078431372,2224.189189189189,539.6396396396397,2220.7391304347825,516.4347826086956
116,1397.096590909091,475.2556818181818,1387.9950980392157,513.5196078431372,2223.814432989691,540.5670103092783,2220.5945945945946,516.5135135135135
117,1397.096590909091,475.2556818181818,1387.9950980392157,513.5196078431372,2223.6881720430106,541.1935483870968,2220.3611111111113,516.6111111111111
118,1397.1739130434783,475.4945652173913,1388.2211055276382,513.6934673366834,2223.9886363636365,541.875,2219.8846153846152,517.4230769230769
119,1397.2582417582419,475.5274725274725,1388.1386138613861,513.7772277227723,2224.1954022988507,542.6896551724138,2219.95,518.275
120,1397.7256097560976,475.0365853658537,1388.4564102564102,513.8307692307692,2223.4867256637167,543.0884955752213,2220.309090909091,520.0363636363636
121,1397.8630952380952,475.07738095238096,1388.4564102564102,513.8307692307692,2223.7961165048546,543.6601941747573,2221.5675675675675,520.081081081081
122,1398.093567251462,475.5204678362573,1388.8917525773195,514.1288659793814,2224.2272727272725,544.3727272727273,2221.967741935484,520.6129032258065
123,1398.1860465116279,475.1453488372093,1389.3480392156862,513.9950980392157,2224.4245283018868,544.4528301886793,2222.103448275862,520.6896551724138
124,1398.1573033707866,475.3988764044944,1389.420792079208,513.9851485148515,2224.4851485148515,544.7029702970297,2222.235294117647,520.8235294117648
125,1398.3295454545455,476.08522727272725,1389.3052631578948,515.0526315789474,2224.3695652173915,545.2282608695652,2221.9285714285716,521.5238095238095
126,1398.3295454545455,476.08522727272725,1389.3065326633166,515.4673366834171,2223.7045454545455,546.125,2221.690476190476,521.7380952380952
127,1398.0176470588235,476.0176470588235,1389.0406091370558,515.8172588832488,2224.0967741935483,546.8172043010753,2221.3571428571427,522.5714285714286
128,1398.1065088757396,476.53846153846155,1388.8351063829787,516.5904255319149,2223.5172413793102,547.528735632184,2221.6206896551726,523.2068965517242
129,1397.75,477.00581395348837,1388.7567567567567,517.2918918918919,2223.5625,548.0375,2220.848484848485,524.0
130,1397.3892215568862,477.1497005988024,1388.375,517.9635416666666,2223.1294117647058,548.4235294117647,2220.4242424242425,524.5454545454545
131,1397.0681818181818,478.1363636363636,1387.9948717948719,518.7897435897436,2223.0,549.3111111111111,2220.375,525.71875
132,1397.1277777777777,478.4611111111111,1387.8558139534885,519.6976744186046,2222.956896551724,550.2586206896551,2219.9555555555557,527.6222222222223
133,1396.657458563536,478.88950276243094,1387.5645933014355,520.7464114832536,2222.608695652174,550.6434782608695,2220.093023255814,527.6976744186046
134,1396.5106382978724,478.84574468085106,1387.4057971014493,521.6280193236715,2222.575221238938,550.9469026548672,2220.093023255814,527.6976744186046
135,1396.284946236559,478.85483870967744,1386.9794871794873,523.148717948718,2222.15,551.425,2219.590909090909,528.1363636363636
136,1396.2391304347825,478.80434782608694,1386.9897959183672,523.8214285714286,2221.7830188679245,551.7924528301887,2219.7027027027025,528.081081081081
137,1396.2872928176796,478.707182320442,1386.9100529100529,525.3015873015873,2221.7830188679245,551.7924528301887,2219.7027027027025,528.081081081081
138,1396.2857142857142,478.532967032967,1387.2962962962963,526.973544973545,2222.1804511278197,552.1954887218045,2219.8837209302324,528.4418604651163
139,1396.7297297297298,478.1945945945946,1387.4974093264248,528.9378238341969,2222.6370967741937,552.3306451612904,2219.769230769231,528.6346153846154
140,1396.68,477.89142857142855,1387.4679802955666,531.3448275862069,2222.964285714286,552.375,2219.769230769231,528.6346153846154
141,1397.1371428571429,477.90285714285716,1387.9242424242425,534.2272727272727,2223.0582524271845,552.2815533980582,2220.4523809523807,528.2857142857143
142,1397.2022471910113,477.814606741573,1388.2487046632125,536.8082901554404,2223.0967741935483,552.1397849462365,2220.4864864864867,528.2432432432432
143,1397.4565217391305,477.4076086956522,1388.5300546448088,540.1967213114754,2223.32183908046,552.1149425287356,2220.560975609756,527.7317073170732
144,1397.6931216931216,477.41269841269843,1388.718085106383,543.5904255319149,2224.252252252252,551.3513513513514,2222.2608695652175,527.0
145,1397.696335078534,477.37696335078533,1388.9845360824743,547.5154639175257,2224.252252252252,551.3513513513514,2222.2608695652175,527.0
146,1397.5408163265306,477.4234693877551,1388.8341968911918,551.4352331606218,2223.3937007874015,551.9685039370079,2222.2608695652175,527.0
147,1397.1614583333333,477.6510416666667,1388.5104166666667,555.7291666666666,2222.7862595419847,552.4351145038167,2221.815789473684,527.1578947368421
148,1397.3626943005181,477.9119170984456,1388.875,560.8011363636364,2223.5581395348836,552.8062015503876,2221.3478260869565,527.804347826087
149,1396.7905759162304,478.1413612565445,1388.4971428571428,566.1942857142857,2223.0803571428573,552.9732142857143,2221.21875,527.4375
150,1396.6947368421052,478.14736842105265,1388.6902173913043,571.3532608695652,2222.9736842105262,552.5175438596491,2220.5,527.5
151,1396.523560209424,478.0732984293194,1388.715909090909,576.8068181818181,2223.0,551.6320754716982,2220.3953488372094,527.2790697674419
152,1396.110497237569,478.16022099447514,1388.9608938547485,582.4972067039106,2223.054054054054,551.4324324324324,2219.7118644067796,526.7118644067797
153,1396.2568306010928,478.4590163934426,1389.7513513513513,588.6486486486486,2222.981981981982,551.3063063063063,2220.170731707317,526.170731707317
154,1396.0160427807486,478.4385026737968,1390.0833333333333,594.7722222222222,2222.898305084746,550.7118644067797,2220.277777777778,525.8333333333334
155,1396.0160427807486,478.4385026737968,1390.668449197861,601.2299465240642,2222.898305084746,550.7118644067797,2219.4411764705883,526.2352941176471
156,1396.340206185567,478.96907216494844,1391.4869109947645,607.5026178010471,2222.978947368421,550.1473684210526,2221.6,523.7
157,1396.4064171122996,478.67914438502675,1392.52,614.5028571428571,2223.17,550.33,2221.5652173913045,523.0869565217391
158,1396.572972972973,478.8216216216216,1393.2254335260116,621.0,2223.478723404255,550.5957446808511,2221.5652173913045,523.1304347826087
159,1396.774193548387,478.6989247311828,1394.6959064327486,628.7076023391813,2224.0117647058823,550.8352941176471,2221.5454545454545,522.9545454545455
160,1396.8972972972972,478.43243243243245,1396.0693641618498,636.1734104046243,2224.222222222222,550.4938271604939,2221.114285714286,523.5428571428571
161,1397.370786516854,478.185393258427,1397.0802469135801,643.7283950617284,2224.5,550.0897435897435,2221.8333333333335,523.0
162,1397.6666666666667,478.4406779661017,1398.578313253012,651.0963855421687,2224.92,549.7733333333333,2222.1666666666665,523.0833333333334
163,1398.057142857143,478.1542857142857,1400.1951219512196,660.1219512195122,2225.4189189189187,550.1486486486486,2222.4285714285716,523.2857142857143
164,1398.0173410404625,478.23121387283237,1401.19375,668.34375,2225.4189189189187,550.1486486486486,2221.9285714285716,523.2857142857143
165,1398.125,478.14285714285717,1403.3525179856115,676.8201438848921,2225.4794520547944,550.1369863013699,2221.9285714285716,523.2857142857143
166,1398.367816091954,478.85632183908046,1404.5149253731342,685.8955223880597,2225.6710526315787,550.5131578947369,2221.6111111111113,524.0
167,1397.748538011696,478.67836257309943,1405.8939393939395,695.3257575757576,2225.24358974359,551.0128205128206,2221.304347826087,525.6521739130435
168,1397.7166666666667,479.2944444444444,1407.25,705.4848484848485,2225.1546391752577,551.5773195876288,2221.866666666667,524.4
169,1397.6516853932585,479.35393258426967,1409.175572519084,713.9312977099237,2224.689655172414,551.6321839080459,2221.576923076923,524.2307692307693
170,1396.5117647058823,479.08235294117645,1411.090909090909,723.8939393939394,2224.7956989247314,551.9569892473119,2220.4117647058824,524.7647058823529
171,1396.374269005848,478.8888888888889,1413.7080291970804,733.8978102189781,2224.4835164835163,551.7252747252747,2220.714285714286,524.5
172,1396.3021978021977,478.9340659340659,1415.7537313432836,743.7089552238806,2224.6018518518517,552.3518518518518,2219.8571428571427,524.3928571428571
173,1396.1508379888269,478.76536312849163,1418.634328358209,753.7910447761194,2224.7428571428572,552.5142857142857,2219.8571428571427,524.3928571428571
174,1396.3977272727273,478.71590909090907,1421.623076923077,764.3230769230769,2224.878787878788,552.5656565656566,2219.8571428571427,524.3928571428571
175,1396.7954545454545,478.70454545454544,1424.9756097560976,774.089430894309,2225.0116279069766,551.8720930232558,2219.8571428571427,524.3928571428571
176,1397.6808510638298,480.1010638297872,1428.5555555555557,784.6851851851852,2225.0116279069766,551.8720930232558,2219.9285714285716,524.5
177,1397.671875,479.4322916666667,1432.1652173913044,795.5826086956522,2225.6511627906975,551.5697674418604,2220.064516129032,525.0645161290323
178,1397.8350515463917,479.4226804123711,1436.6759259259259,806.425925925926,2226.4736842105262,552.0921052631579,2221.086956521739,525.4782608695652
179,1398.0757575757575,479.449494949495,1440.4074074074074,817.6111111111111,2226.0,552.3529411764706,2221.1666666666665,525.5
180,1397.7142857142858,478.06349206349205,1445.3495934959349,827.8455284552846,2227.723404255319,554.1063829787234,2222.264705882353,526.0588235294117
181,1397.7287234042553,478.1010638297872,1449.2265625,839.5078125,2227.1686746987953,554.2530120481928,2222.121212121212,526.3636363636364
182,1398.0674157303372,478.37640449438203,1453.781512605042,851.2521008403361,2227.4939759036147,554.8674698795181,2222.5151515151515,527.0909090909091
183,1398.0674157303372,478.37640449438203,1458.8446601941748,862.4466019417475,2227.633333333333,555.5555555555555,2223.04,527.24
184,1398.0220994475137,478.5359116022099,1463.0363636363636,873.9181818181818,2228.1881188118814,556.6633663366337,2223.35,527.25
185,1397.6939890710382,478.6612021857924,1467.5855855855855,885.6126126126126,2228.114285714286,557.2761904761904,2223.2,528.0666666666667
186,1397.532258064516,478.9247311827957,1473.101851851852,897.3796296296297,2227.1382978723404,557.6382978723404,2221.9583333333335,529.0
187,1396.857142857143,478.83516483516485,1477.4770642201836,909.0733944954128,2226.6702127659573,558.0,2221.315789473684,529.9473684210526
188,1396.9252873563219,479.0632183908046,1483.2803738317757,920.607476635514,2226.554347826087,558.3260869565217,2221.529411764706,530.3529411764706
189,1396.3259668508288,479.02762430939225,1489.0582524271845,932.9029126213592,2226.3804347826085,559.2826086956521,2220.318181818182,531.2272727272727
190,1396.0944444444444,479.0722222222222,1495.010101010101,944.5959595959596,2226.306818181818,559.7954545454545,2220.2894736842104,531.6578947368421
191,1396.0944444444444,479.0722222222222,1501.1634615384614,956.5096153846154,2226.7263157894736,560.0526315789474,2219.7021276595747,531.4893617021277
192,1396.5617283950617,479.4567901234568,1507.871794871795,968.4487179487179,2227.194805194805,561.2467532467532,2219.475,532.125
193,1396.7533333333333,478.8666666666667,1514.8064516129032,980.3655913978495,2227.4,561.0375,2219.885714285714,532.0
194,1396.7533333333333,478.8666666666667,1522.046511627907,991.9418604651163,2227.5243902439024,561.0,2220.102564102564,531.8717948717949
195,1397.1162790697674,479.1511627906977,1530.3023255813953,1003.9069767441861,2228.4742268041236,561.5051546391752,2220.4,532.075
196,1397.4528301886792,478.49056603773585,1538.235294117647,1014.5411764705882,2228.7444444444445,561.6222222222223,2220.4,532.075
197,1397.9503105590063,478.527950310559,1546.5316455696202,1026.4683544303798,2229.021978021978,561.6593406593406,2220.5,532.1
198,1398.2564102564102,478.37820512820514,1555.3181818181818,1037.8939393939395,2230.1052631578946,561.5368421052632,2220.777777777778,532.2777777777778
199,1398.3313253012047,478.96385542168673,1563.592105263158,1049.8684210526317,2230.561224489796,561.734693877551,2221.52,532.32
200,1398.8072289156626,479.2048192771084,1572.6891891891892,1061.0405405405406,2230.574468085106,561.9787234042553,2221.5,532.5
201,1398.6764705882354,479.0352941176471,1581.4615384615386,1072.446153846154,2231.0,561.7945205479452,2221.5,532.5
202,1398.8372093023256,479.4011627906977,1590.5,1083.5,2231.421686746988,562.5301204819277,2221.5,532.7272727272727
203,1398.953488372093,480.3313953488372,1599.55223880597,1095.0298507462687,2231.7974683544303,563.0379746835443,2220.9333333333334,533.2333333333333
204,1398.5602409638554,479.59638554216866,1608.9705882352941,1106.313725490196,2231.568181818182,563.2386363636364,2222.157894736842,534.3684210526316
205,1398.0473372781064,479.8639053254438,1618.5,1116.8645833333333,2231.683673469388,563.5612244897959,2221.516129032258,534.7741935483871
206,1397.5084745762713,479.92090395480227,1628.1888888888889,1127.4888888888888,2231.8705882352942,564.0,2221.451612903226,533.5806451612904
207,1397.5898876404494,480.2977528089888,1638.2967032967033,1138.2967032967033,2232.093023255814,563.9883720930233,2220.5714285714284,533.9285714285714
208,1397.0108108108109,480.4972972972973,1648.367816091954,1148.942528735632,2231.7710843373493,564.3132530120482,2220.1632653061224,533.8979591836735
209,1397.0108108108109,480.4972972972973,1658.8875,1158.7125,2232.1157894736843,564.4105263157895,2220.2608695652175,535.0
210,1396.2372881355932,479.819209039548,1670.025,1168.8125,2231.907216494845,564.4432989690722,2220.1428571428573,535.3333333333334
211,1396.222857142857,479.92571428571426,1681.2266666666667,1178.7733333333333,2232.285714285714,564.1868131868132,2220.1428571428573,535.3333333333334
212,1396.5738636363637,480.1875,1693.0281690140846,1188.774647887324,2232.3516483516482,564.5164835164835,2220.128205128205,535.5897435897435
213,1396.8628571428571,480.0057142857143,1704.949152542373,1198.457627118644,2232.325842696629,563.943820224719,2220.3,535.5
214,1397.3555555555556,479.9611111111111,1717.1666666666667,1208.05,2233.58,563.46,2220.3,535.5
215,1397.4325842696628,479.92134831460675,1729.3225806451612,1217.1612903225807,2233.950980392157,563.4509803921569,2220.75,535.0625
216,1397.8615384615384,480.2871794871795,1742.4929577464789,1226.774647887324,2234.865979381443,563.8144329896908,2221.871794871795,535.025641025641
217,1398.100529100529,480.35449735449737,1755.3636363636363,1235.530303030303,2234.861386138614,563.7920792079208,2222.0238095238096,535.1904761904761
218,1398.2702702702702,480.2,1767.9285714285713,1244.2428571428572,2235.864864864865,563.4594594594595,2222.16,535.22
219,1398.4652406417113,480.06417112299465,1781.0144927536232,1252.608695652174,2236.2043010752686,562.8924731182796,2222.439024390244,535.439024390244
220,1398.4535519125684,480.3606557377049,1794.1492537313434,1261.2537313432836,2237.0408163265306,563.8061224489796,2222.5263157894738,535.7105263157895
221,1398.436170212766,480.4414893617021,1807.1833333333334,1269.35,2237.3571428571427,564.0510204081633,2222.5263157894738,535.7105263157895
222,1398.2566844919786,480.24064171122996,1820.0714285714287,1277.2142857142858,2237.3571428571427,564.0510204081633,2222.0,535.5897435897435
223,1398.2645502645503,480.5767195767196,1834.0,1285.125,2237.0,564.2323232323232,2221.6470588235293,535.5
224,1398.2645502645503,480.5767195767196,1848.0851063829787,1292.212765957447,2237.3956043956046,564.0769230769231,2221.5813953488373,535.5581395348837
225,1397.4324324324325,480.31891891891894,1861.4255319148936,1299.2978723404256,2237.3626373626375,563.934065934066,2220.681818181818,535.7727272727273
226,1397.0444444444445,480.6,1875.1627906976744,1306.3720930232557,2237.759036144578,563.9638554216867,2220.681818181818,535.7727272727273
227,1397.1075268817203,480.8494623655914,1889.0263157894738,1312.6315789473683,2237.8048780487807,564.0,2220.55,536.125
228,1397.0271739130435,480.6521739130435,1902.75,1319.5555555555557,2238.2735042735044,563.7008547008547,2220.734693877551,535.5510204081633
229,1396.9839572192514,480.83957219251334,1916.8709677419354,1325.8064516129032,2238.078431372549,563.343137254902,2220.4791666666665,535.3958333333334
230,1396.9839572192514,480.83957219251334,1931.8846153846155,1331.2692307692307,2238.0096153846152,563.6153846153846,2220.44,535.62
231,1397.2648648648649,480.61621621621623,1946.5333333333333,1335.888888888889,2238.5619047619048,563.495238095238,2220.7924528301887,535.188679245283
232,1397.3641304347825,480.5978260869565,1961.2888888888888,1341.4222222222222,2238.735849056604,563.2547169811321,2220.909090909091,535.3818181818182
233,1397.403314917127,480.2099447513812,1976.2894736842106,1346.1052631578948,2238.9523809523807,562.1428571428571,2220.909090909091,535.3818181818182
234,1397.5401069518716,480.096256684492,1991.3174603174602,1350.3968253968253,2239.8691588785045,562.0560747663551,2221.2909090909093,535.4363636363636
235,1398.1390374331552,480.27807486631013,2006.1,1354.9333333333334,2240.6288659793813,562.2371134020618,2221.3888888888887,535.6296296296297
236,1398.278947368421,480.3315789473684,2021.45,1358.7166666666667,2240.4653465346537,562.1683168316831,2221.3888888888887,535.6296296296297
237,1398.6190476190477,480.3492063492063,2036.148148148148,1362.4074074074074,2240.872549019608,561.2450980392157,2222.318181818182,535.2272727272727
238,1398.6875,480.53125,2051.296296296296,1365.5925925925926,2241.0526315789475,561.5368421052632,2221.6428571428573,535.1071428571429
239,1398.6476683937824,480.5388601036269,2065.818181818182,1369.5,2241.8971962616824,561.6448598130842,2221.6428571428573,535.1071428571429
240,1398.7252747252746,480.1208791208791,2080.5652173913045,1372.4347826086957,2242.829268292683,561.8455284552846,2221.8260869565215,534.7826086956521
241,1398.7252747252746,480.1208791208791,2095.5862068965516,1375.603448275862,2242.438596491228,561.7543859649123,2221.6744186046512,534.6976744186046
242,1398.679347826087,480.75,2110.3571428571427,1378.4285714285713,2242.626168224299,561.9719626168225,2221.733333333333,534.6666666666666
243,1398.0333333333333,480.3277777777778,2124.8536585365855,1380.5121951219512,2242.626168224299,561.9719626168225,2221.133333333333,534.8888888888889
244,1397.75,480.8670212765957,2139.3870967741937,1383.4032258064517,2242.6363636363635,562.6969696969697,2221.4634146341464,535.4878048780488
245,1397.5502645502645,480.97354497354496,2153.6301369863013,1384.7945205479452,2242.198275862069,562.301724137931,2221.2448979591836,535.3061224489796
246,1397.2252747252746,480.9340659340659,2168.2753623188405,1386.144927536232,2242.0833333333335,563.0833333333334,2220.5,535.4782608695652
247,1397.0505617977528,480.57865168539325,2182.3375,1386.6625,2241.9901960784314,562.4803921568628,2220.0851063829787,535.3617021276596
248,1397.029761904762,480.25,2197.323529411765,1387.9264705882354,2241.7075471698113,562.2452830188679,2220.5,535.0681818181819
249,1396.7471264367816,480.4022988505747,2211.4761904761904,1388.4285714285713,2242.0775862068967,561.3620689655172,2220.531914893617,535.4255319148937
250,1397.0056497175142,480.33898305084745,2225.6774193548385,1388.4193548387098,2242.2169811320755,560.933962264151,2220.681818181818,535.2272727272727
251,1397.2173913043478,480.44565217391306,2240.346153846154,1389.1538461538462,2242.5728155339807,560.6213592233009,2220.9,535.5
252,1397.0375,480.41875,2254.9310344827586,1387.5344827586207,2243.769230769231,560.7596153846154,2221.2448979591836,535.1836734693877
253,1397.0375,480.41875,2269.0925925925926,1387.1851851851852,2243.6979166666665,559.2395833333334,2221.3,535.16
254,1397.497005988024,480.251497005988,2283.42,1386.68,2244.1521739130435,559.2826086956521,2221.7441860465115,535.3720930232558
255,1397.7546012269938,480.33742331288346,2296.9242424242425,1385.8636363636363,2244.4698795180725,559.3253012048193,2222.048780487805,535.0731707317074
256,1398.122807017544,480.4561403508772,2310.2258064516127,1384.983870967742,2244.9204545454545,559.1022727272727,2222.121951219512,535.219512195122
257,1398.2099447513813,480.17127071823205,2324.1451612903224,1383.6451612903227,2244.8988764044943,559.2359550561798,2222.340909090909,535.0454545454545
258,1398.2099447513813,480.17127071823205,2337.469387755102,1382.591836734694,2244.5765765765764,558.4774774774775,2222.2,534.94
259,1397.9668508287293,480.5524861878453,2349.9761904761904,1380.642857142857,2244.5765765765764,558.4774774774775,2222.0,535.5348837209302
260,1397.9668508287293,480.5524861878453,2363.3548387096776,1379.4354838709678,2244.5765765765764,558.4774774774775,2222.0,535.5348837209302
261,1397.7675675675675,480.72972972972974,2375.5689655172414,1377.4655172413793,2244.5765765765764,558.4774774774775,2221.8,535.65
262,1397.2896174863388,480.91803278688525,2388.7894736842104,1375.6666666666667,2244.4363636363637,558.4363636363636,2221.309523809524,535.8571428571429
263,1397.2896174863388,480.91803278688525,2401.0,1373.5833333333333,2244.394495412844,558.394495412844,2221.243902439024,535.9024390243902
264,1397.5473684210526,480.9684210526316,2414.0760869565215,1369.8369565217392,2245.084033613445,557.90756302521,2221.641025641026,536.1282051282051
265,1397.0376344086021,481.0752688172043,2426.0421052631577,1367.7894736842106,2244.0384615384614,557.6538461538462,2220.9772727272725,536.3409090909091
266,1397.0376344086021,481.0752688172043,2437.9880952380954,1365.202380952381,2244.622641509434,557.0094339622641,2220.4901960784314,535.9215686274509
267,1397.0167597765362,481.0893854748603,2450.163043478261,1361.6521739130435,2244.622641509434,557.0094339622641,2220.7894736842104,536.078947368421
268,1398.472081218274,482.79187817258884,2461.9615384615386,1358.679487179487,2244.5242718446602,556.7864077669902,2220.6279069767443,535.8604651162791
269,1398.472081218274,482.79187817258884,2473.772151898734,1355.0506329113923,2244.6782608695653,556.1826086956522,2220.6279069767443,535.8604651162791
270,1397.1277777777777,480.4888888888889,2484.6632653061224,1351.3061224489795,2245.0714285714284,555.625,2220.785714285714,535.6190476190476
271,1397.778409090909,480.54545454545456,2496.871287128713,1348.09900990099,2245.5772357723577,555.3821138211382,2221.5,535.6315789473684
272,1398.0614525139665,480.24581005586595,2508.2808988764045,1344.370786516854,2245.8608695652174,555.0434782608696,2222.1470588235293,535.2352941176471
273,1398.6179775280898,480.3370786516854,2519.7714285714287,1339.8380952380953,2246.330275229358,554.9082568807339,2221.7014925373132,534.4925373134329
274,1398.6179775280898,480.3370786516854,2530.2736842105264,1335.8842105263159,2246.568,554.152,2222.1384615384613,534.4307692307692
275,1398.7016574585634,480.54696132596683,2540.494623655914,1332.1182795698924,2246.568,554.152,2222.1384615384613,534.4307692307692
276,1398.9,480.5470588235294,2551.5844155844156,1328.8831168831168,2248.1739130434785,554.8260869565217,2223.4761904761904,534.0714285714286
277,1398.767857142857,480.2738095238095,2561.4444444444443,1324.8055555555557,2247.223076923077,554.123076923077,2222.8545454545456,533.290909090909
278,1398.5688622754492,480.6467065868263,2570.597701149425,1319.712643678161,2247.25,554.1875,2222.25,533.25
279,1398.5688622754492,480.6467065868263,2579.968085106383,1315.595744680851,2246.8062015503874,553.2480620155038,2222.0185185185187,532.6851851851852
280,1398.6863905325445,481.4674556213018,2588.6458333333335,1311.6145833333333,2246.516666666667,553.225,2221.622641509434,532.6037735849056
281,1398.4852071005917,481.4852071005917,2597.8928571428573,1306.8125,2246.3504273504273,552.8547008547008,2222.358974358974,532.4102564102565
282,1397.7349397590363,480.7409638554217,2606.421568627451,1301.7450980392157,2246.3688524590166,552.0491803278688,2222.1176470588234,531.6764705882352
283,1397.3233532934132,480.68263473053895,2614.980952380952,1297.4666666666667,2246.848,552.344,2221.1964285714284,531.6428571428571
284,1397.64,481.2857142857143,2623.1770833333335,1292.5729166666667,2246.2083333333335,550.7916666666666,2220.553191489362,531.1276595744681
285,1397.5459770114942,481.14367816091954,2631.4224137931033,1287.594827586207,2246.023076923077,550.5615384615385,2220.6511627906975,530.8139534883721
286,1397.5459770114942,481.14367816091954,2639.637931034483,1282.9655172413793,2246.3389830508477,550.4322033898305,2220.4864864864867,530.4054054054054
287,1397.6864864864865,481.7837837837838,2647.2118644067796,1277.7372881355932,2246.4032258064517,549.0887096774194,2220.717391304348,529.695652173913
288,1397.1463414634147,480.8963414634146,2656.0,1272.6132075471698,2246.3970588235293,548.0294117647059,2222.1428571428573,528.795918367347
289,1397.3592814371257,480.47904191616766,2663.478260869565,1267.391304347826,2246.5158730158732,547.0238095238095,2222.088888888889,528.2222222222222
290,1397.878787878788,480.56969696969696,2671.1869158878503,1262.943925233645,2247.3779527559054,546.5905511811023,2222.277777777778,527.3888888888889
291,1397.8622754491018,480.0898203592814,2678.4224137931033,1257.896551724138,2247.5123966942147,545.7107438016529,2222.275,526.8
292,1398.4171428571428,479.8857142857143,2685.601694915254,1253.2711864406779,2247.7045454545455,544.4772727272727,2222.3260869565215,525.9565217391304
293,1398.5081967213114,479.9781420765027,2692.509259259259,1248.5,2247.9457364341083,544.4418604651163,2222.190476190476,525.6428571428571
294,1398.3757225433526,479.8959537572254,2698.873873873874,1243.900900900901,2248.308943089431,543.2682926829268,2222.1290322580644,525.258064516129
295,1400.041450777202,482.5492227979275,2705.467213114754,1239.4426229508197,2248.3560606060605,542.9924242424242,2222.1428571428573,524.9285714285714
296,1399.8315789473684,481.96315789473687,2711.6774193548385,1234.8951612903227,2248.125,542.5625,2223.423076923077,524.7692307692307
297,1399.7395833333333,481.9479166666667,2717.5785123966944,1230.3057851239669,2248.1129032258063,542.2258064516129,2222.733333333333,524.0333333333333
298,1399.0628272251308,481.82722513089004,2723.101694915254,1225.9915254237287,2248.130081300813,541.9186991869918,2222.733333333333,524.0333333333333
299,1399.0628272251308,481.82722513089004,2729.0,1221.9612403100775,2248.0446428571427,541.4017857142857,2222.4418604651164,523.8837209302326
300,1398.3081081081082,480.8864864864865,2734.327731092437,1217.546218487395,2247.8384615384616,540.6,2222.3571428571427,524.2142857142857
301,1398.3678756476684,481.1865284974093,2739.75,1213.5,2247.8384615384616,540.6,2222.425925925926,524.3703703703703
302,1397.8655913978494,481.06451612903226,2744.6209677419356,1209.5564516129032,2247.962962962963,540.674074074074,2222.377358490566,524.4528301886793
303,1397.7142857142858,481.0740740740741,2749.632,1205.376,2248.2042253521126,540.6338028169014,2222.1176470588234,524.3529411764706
304,1397.6736842105263,481.06315789473683,2755.496,1201.512,2248.3021582733813,540.5251798561151,2222.2075471698113,524.2075471698113
305,1397.6736842105263,481.06315789473683,2760.2622950819673,1197.5573770491803,2247.779527559055,540.4173228346457,2222.1,524.26
306,1398.1421052631579,481.30526315789473,2765.6341463414633,1193.4878048780488,2247.9375,540.2109375,2222.159090909091,524.6136363636364
307,1398.1421052631579,481.30526315789473,2770.3741007194244,1190.388489208633,2247.9375,540.2109375,2222.413043478261,524.1521739130435
308,1398.116402116402,481.33862433862436,2775.404958677686,1186.4214876033059,2248.179856115108,540.1438848920864,2222.413043478261,524.1521739130435
309,1398.1129032258063,481.18279569892474,2779.4596774193546,1182.5564516129032,2248.095238095238,539.515873015873,2222.3555555555554,523.7111111111111
310,1398.0212765957447,481.1595744680851,2783.5528455284552,1179.3658536585365,2247.7131782945735,539.3643410852713,2222.446808510638,523.5744680851063
311,1398.0430107526881,480.7903225806452,2787.4263565891474,1175.6976744186047,2247.787401574803,539.3149606299213,2222.1463414634145,523.439024390244
312,1398.2277777777779,480.7611111111111,2791.3586206896553,1172.8413793103448,2248.418439716312,539.6312056737588,2222.4545454545455,522.8909090909091
313,1398.3621621621621,481.27027027027026,2795.375,1169.9558823529412,2248.4857142857145,540.0714285714286,2222.4901960784314,523.5882352941177
314,1398.4021164021165,481.43386243386243,2798.903448275862,1166.6896551724137,2248.804195804196,539.7692307692307,2222.4901960784314,523.5882352941177
315,1398.4021164021165,481.43386243386243,2802.1,1163.4153846153847,2248.5,539.3059701492538,2222.4901960784314,523.5882352941177
316,1398.391304347826,481.1902173913044,2805.4827586206898,1160.4206896551725,2248.4963503649633,539.07299270073,2222.5,523.32
317,1398.016393442623,480.4972677595628,2807.8785714285714,1156.8285714285714,2247.9402985074626,538.7089552238806,2222.3260869565215,523.0434782608696
318,1397.6772486772486,479.9259259259259,2810.1363636363635,1154.0530303030303,2248.089552238806,538.0149253731344,2221.9523809523807,522.5
319,1397.5913978494623,479.85483870967744,2813.0169491525426,1151.5,2248.089552238806,538.0149253731344,2221.516129032258,521.6129032258065
320,1397.5473684210526,480.0,2815.776923076923,1149.3692307692309,2248.089552238806,538.0149253731344,2220.913043478261,522.5
321,1398.1263736263736,480.5934065934066,2818.891472868217,1147.5968992248063,2247.6060606060605,538.7575757575758,2221.975,523.225
322,1398.2872928176796,480.9447513812155,2821.376,1145.704,2247.911111111111,539.0962962962963,2222.5,523.5
323,1398.4632768361582,481.1694915254237,2823.7972027972028,1144.097902097902,2247.911111111111,539.0962962962963,2222.5,523.5
324,1398.5714285714287,480.64285714285717,2825.463087248322,1141.7986577181207,2248.1363636363635,538.1,2222.830188679245,523.6415094339623
325,1398.1153846153845,480.7857142857143,2827.0068027210887,1139.7414965986395,2248.0471698113206,537.6792452830189,2222.2045454545455,523.1590909090909
326,1397.9395604395604,480.4725274725275,2828.1843971631206,1137.787234042553,2247.4959349593496,537.8455284552846,2222.0851063829787,522.3617021276596
327,1398.0718232044198,480.45303867403317,2829.919117647059,1135.8676470588234,2247.85,537.4833333333333,2222.282608695652,522.1086956521739
328,1398.3072625698323,480.5139664804469,2831.66,1134.44,2247.85,537.4833333333333,2222.560975609756,522.780487804878
329,1398.4943820224719,480.7191011235955,2833.375,1133.4166666666667,2248.3571428571427,537.3888888888889,2222.9032258064517,522.516129032258
330,1398.672131147541,480.8196721311475,2835.06,1132.44,2248.4545454545455,537.6280991735537,2223.681818181818,523.0
331,1398.6467391304348,480.95108695652175,2835.7482517482517,1130.9650349650349,2248.4890510948903,537.6934306569343,2223.5263157894738,523.0526315789474
332,1398.6467391304348,480.95108695652175,2836.7285714285713,1130.057142857143,2248.514705882353,537.6617647058823,2222.3529411764707,522.6176470588235
333,1398.2010869565217,480.60869565217394,2837.3333333333335,1129.2695035460993,2247.672727272727,537.290909090909,2222.3529411764707,522.6176470588235
334,1398.0718232044198,480.23756906077347,2837.4834437086092,1128.5033112582782,2247.7131147540986,537.0573770491803,2222.0666666666666,522.5
335,1397.9502762430939,480.18232044198896,2837.5442176870747,1127.5986394557824,2247.135135135135,536.6666666666666,2222.0666666666666,522.5
336,1398.0,480.3131868131868,2838.3783783783783,1127.418918918919,2247.488188976378,537.0708661417323,2222.0,522.3333333333334
337,1397.9726775956285,480.344262295082,2838.044585987261,1127.904458598726,2246.968503937008,537.0866141732283,2222.0,522.3333333333334
338,1398.1573033707866,480.69662921348316,2838.3625,1128.1625,2247.6315789473683,537.2543859649123,2222.0,522.3333333333334
339,1398.1573033707866,480.69662921348316,2838.2565789473683,1128.7434210526317,2247.721739130435,537.4260869565218,2222.222222222222,522.8444444444444
340,1398.1573033707866,480.69662921348316,2837.986577181208,1128.8120805369128,2247.721739130435,537.4260869565218,2222.222222222222,522.8444444444444
341,1397.9542857142858,480.66857142857145,2837.176056338028,1129.2887323943662,2247.353982300885,537.5132743362832,2222.159090909091,522.8181818181819
342,1397.965909090909,480.625,2836.608108108108,1129.4527027027027,2247.1875,537.6875,2222.0652173913045,522.6304347826087
343,1397.8793103448277,480.54597701149424,2836.124087591241,1129.6496350364964,2247.1875,537.6875,2222.0652173913045,522.6304347826087
344,1397.8793103448277,480.54597701149424,2836.1275167785234,1130.2953020134228,2247.1875,537.6875,2222.0652173913045,522.6304347826087
345,1397.9887005649719,480.57062146892656,2836.1275167785234,1130.2953020134228,2247.1875,537.6875,2222.0652173913045,522.6304347826087
346,1398.329479768786,480.6820809248555,2835.7724137931036,1131.0551724137931,2247.6050420168067,537.5714285714286,2222.3137254901962,522.8823529411765
347,1398.4406779661017,480.8361581920904,2835.4671532846714,1131.4671532846714,2247.546218487395,537.4705882352941,2222.5,523.0434782608696
348,1398.2569832402235,480.68715083798884,2834.3566433566434,1132.3566433566434,2248.1603053435115,537.5038167938932,2222.3333333333335,522.8333333333334
349,1398.2569832402235,480.68715083798884,2833.7278911564626,1132.9863945578231,2248.2153846153847,537.5153846153846,2222.26,522.64
350,1398.3989071038252,480.3879781420765,2833.055172413793,1133.6620689655172,2248.2153846153847,537.5153846153846,2222.26,522.64
351,1398.3989071038252,480.3879781420765,2832.364238410596,1134.3245033112582,2247.6456692913384,537.7874015748032,2222.3260869565215,523.0434782608696
352,1398.3989071038252,480.3879781420765,2831.923076923077,1135.4615384615386,2247.5891472868216,538.2868217054264,2222.1627906976746,523.2093023255813
353,1397.7783783783784,480.3891891891892,2830.88,1136.6733333333334,2247.1048387096776,539.2822580645161,2222.275,523.775
354,1397.9502762430939,480.3646408839779,2830.659722222222,1137.9166666666667,2247.2926829268295,539.3983739837398,2222.139534883721,523.7674418604652
355,1398.0,480.37016574585635,2829.9607843137255,1139.235294117647,2246.856,539.76,2222.186046511628,525.0697674418604
356,1397.9611111111112,480.7611111111111,2829.2549019607845,1140.4640522875818,2246.9758064516127,540.516129032258,2222.1,525.5
357,1397.6758241758241,480.95604395604397,2828.5107913669067,1141.9640287769785,2246.8682170542634,541.5426356589147,2222.054054054054,525.7837837837837
358,1397.5714285714287,481.5824175824176,2827.9777777777776,1143.5037037037036,2246.801724137931,542.1034482758621,2222.2727272727275,527.4090909090909
359,1397.5869565217392,482.3478260869565,2827.4405594405594,1145.020979020979,2246.8682170542634,543.5426356589147,2222.1290322580644,528.4193548387096
360,1398.0945273631842,483.90547263681594,2827.5298013245033,1146.5562913907286,2247.9112903225805,545.4032258064516,2222.2105263157896,530.3684210526316
361,1398.1631578947367,483.91052631578947,2827.5912408759123,1147.934306569343,2248.064516129032,546.4516129032259,2222.3488372093025,531.2790697674419
362,1397.8578947368421,484.15263157894736,2826.633333333333,1149.38,2247.902777777778,547.5833333333334,2222.3,532.425
363,1397.9015544041451,484.04145077720204,2825.613793103448,1150.0896551724138,2247.28,548.2066666666667,2221.8125,532.9375
364,1397.5497382198953,483.5445026178011,2824.5,1150.8987341772151,2246.468085106383,548.1205673758865,2221.673076923077,533.1538461538462
365,1397.1354166666667,482.859375,2823.0064935064934,1150.7922077922078,2246.5,548.1571428571428,2221.6296296296296,533.0
366,1397.1041666666667,482.0625,2822.1455696202534,1151.2151898734178,2246.6323529411766,547.4852941176471,2221.1666666666665,532.4814814814815
367,1397.2074468085107,482.1329787234043,2820.921568627451,1152.9150326797385,2246.639705882353,548.0147058823529,2221.0476190476193,533.452380952381
368,1397.563829787234,481.90425531914894,2820.191082802548,1154.1910828025477,2246.8888888888887,548.3888888888889,2221.1162790697676,533.4651162790698
369,1397.5405405405406,482.0054054054054,2818.711267605634,1155.5211267605634,2246.8367346938776,549.0340136054422,2220.681818181818,533.7727272727273
370,1397.5405405405406,482.0054054054054,2817.5474452554745,1156.802919708029,2246.809523809524,549.0816326530612,2220.777777777778,533.8888888888889
371,1397.09375,481.4635416666667,2816.442953020134,1157.6711409395973,2246.6068965517243,548.751724137931,2220.8536585365855,533.560975609756
372,1397.9145728643216,482.06532663316585,2815.3742331288345,1158.8343558282209,2246.5766871165642,548.2638036809816,2220.245614035088,532.2456140350877
373,1397.4626865671642,480.6119402985075,2814.8322147651006,1159.3154362416108,2246.525974025974,547.6818181818181,2220.5,531.5
374,1397.1129032258063,479.1559139784946,2813.6510067114095,1159.9194630872482,2246.4195804195806,547.3146853146853,2220.568181818182,531.3409090909091
375,1397.3174603174602,478.84656084656086,2812.794701986755,1160.6158940397352,2246.875,546.425,2221.0731707317073,530.219512195122
376,1397.5175879396984,478.2361809045226,2811.6180555555557,1160.6875,2247.0536912751677,545.3288590604027,2220.978260869565,529.9130434782609
377,1396.9027027027028,476.92972972972973,2810.0482758620687,1161.0068965517241,2246.612244897959,544.9251700680272,2220.2,529.78
378,1396.5531914893618,476.17021276595744,2808.6708860759495,1161.1898734177216,2246.222222222222,544.2875816993464,2219.730769230769,529.2692307692307
379,1396.5531914893618,476.17021276595744,2807.6740740740743,1161.8444444444444,2246.344370860927,544.3443708609271,2219.730769230769,529.2692307692307
380,1396.5531914893618,476.17021276595744,2806.909677419355,1163.1096774193547,2246.344370860927,544.3443708609271,2219.730769230769,529.2692307692307
381,1396.903743315508,476.93582887700535,2806.5238095238096,1164.4353741496598,2246.558620689655,544.9241379310345,2220.595238095238,529.6190476190476
382,1397.2142857142858,477.02197802197804,2805.867132867133,1165.6643356643356,2246.557971014493,545.2753623188406,2221.282608695652,530.1739130434783
383,1397.9787234042553,477.4574468085106,2805.7428571428572,1167.1214285714286,2247.4523809523807,545.5714285714286,2221.6976744186045,530.6279069767442
384,1398.179487179487,478.2307692307692,2805.467105263158,1167.5197368421052,2248.0704225352115,546.4718309859155,2221.1272727272726,531.8545454545455
385,1398.180412371134,478.27319587628864,2804.198717948718,1167.8974358974358,2248.109489051095,546.5620437956204,2221.2264150943397,531.7358490566038
386,1397.929648241206,478.1005025125628,2803.4295302013425,1168.234899328859,2247.3203125,546.25,2221.346153846154,530.7884615384615
387,1397.929648241206,478.1005025125628,2802.5133333333333,1168.7533333333333,2247.3203125,546.25,2221.346153846154,530.7884615384615
388,1397.9417475728155,478.1990291262136,2801.7837837837837,1169.4797297297298,2247.3203125,546.25,2221.346153846154,530.7884615384615
389,1398.1421568627452,478.30882352941177,2801.5588235294117,1170.1029411764705,2247.423076923077,546.2307692307693,2221.5,531.0
390,1398.2487562189056,478.30845771144277,2801.4817518248174,1170.7737226277372,2247.5,546.3387096774194,2222.186046511628,530.9767441860465
391,1398.5959595959596,478.3787878787879,2801.2388059701493,1171.2761194029852,2247.8595041322315,546.00826446281,2222.3658536585367,530.2926829268292
392,1398.2680412371135,477.96907216494844,2800.9632352941176,1172.2573529411766,2247.8595041322315,546.00826446281,2222.3658536585367,530.2926829268292
393,1397.7628865979382,477.6546391752577,2799.694029850746,1172.134328358209,2247.27731092437,545.890756302521,2221.7045454545455,530.1136363636364
394,1397.3880597014925,477.66169154228857,2799.0,1172.6853146853148,2246.5348837209303,545.9922480620155,2220.9761904761904,530.2142857142857
395,1396.7225130890051,477.3874345549738,2797.4557823129253,1172.639455782313,2246.219696969697,545.8787878787879,2220.5,530.5
396,1397.1224489795918,478.90816326530614,2797.472602739726,1173.2534246575342,2246.066225165563,546.2384105960265,2220.6315789473683,530.1228070175439
397,1396.9842931937173,478.6387434554974,2797.2348993288592,1174.1342281879195,2246.3006993006993,546.6993006993007,2221.2830188679245,530.0754716981132
398,1397.2447916666667,479.6302083333333,2797.0666666666666,1174.7133333333334,2246.595890410959,547.054794520548,2221.3695652173915,530.5217391304348
399,1397.65,480.675,2796.7162162162163,1175.7162162162163,2246.7664233576643,547.6496350364963,2221.837837837838,531.5675675675676
400,1397.75,481.390625,2796.3398692810456,1176.4771241830065,2246.3257575757575,548.5833333333334,2220.711111111111,532.0444444444445
401,1397.5678391959798,481.64824120603015,2795.85625,1176.66875,2246.342857142857,548.9428571428572,2220.659574468085,532.7446808510638
402,1397.3144329896907,482.0360824742268,2795.476821192053,1176.728476821192,2246.2262773722628,549.029197080292,2220.568181818182,533.2045454545455
403,1397.4594594594594,485.42792792792795,2794.934210526316,1176.75,2245.659090909091,549.2348484848485,2220.2162162162163,533.2432432432432
404,1397.2255319148935,485.18297872340423,2795.0068027210887,1176.6530612244899,2244.93984962406,549.6390977443609,2219.816326530612,533.530612244898
405,1396.6464646464647,481.6313131313131,2795.448529411765,1176.1911764705883,2245.1804511278197,549.2781954887218,2219.8333333333335,532.9285714285714
406,1396.8085106382978,481.3031914893617,2795.75,1176.1458333333333,2245.479674796748,548.8130081300814,2220.3333333333335,532.3888888888889
407,1397.082901554404,481.0673575129534,2795.941935483871,1175.7290322580645,2245.787401574803,548.5511811023622,2220.5,532.1
408,1397.010752688172,479.76881720430106,2796.557046979866,1174.8724832214766,2246.7226277372265,547.7153284671533,2221.787878787879,531.6060606060606
409,1398.0220994475137,478.9447513812155,2797.108108108108,1174.4864864864865,2247.430894308943,546.6829268292682,2223.0,530.5
410,1398.4705882352941,478.0,2798.17880794702,1174.1986754966888,2247.816513761468,545.4678899082569,2223.777777777778,530.2777777777778
411,1398.640625,477.1979166666667,2798.4102564102564,1173.474358974359,2248.731707317073,545.6422764227642,2224.315789473684,529.5263157894736
412,1398.9890710382513,476.6885245901639,2799.4193548387098,1172.9806451612903,2249.3303571428573,545.0803571428571,2225.2105263157896,528.8421052631579
413,1399.7005076142132,476.507614213198,2800.285714285714,1172.863354037267,2249.6293103448274,544.8275862068965,2225.5,528.5
414,1400.062176165803,476.5388601036269,2800.239263803681,1172.7791411042945,2249.705882352941,544.9747899159664,2225.5,528.5
415,1399.8924731182797,476.23655913978496,2799.7032258064514,1172.6903225806452,2249.3728813559323,544.6101694915254,2225.5625,528.375
416,1400.2673267326732,478.44059405940595,2798.862068965517,1173.3586206896553,2248.75,544.875,2222.5,529.5
417,1399.1948717948717,478.1179487179487,2797.9936305732485,1174.0191082802548,2247.934426229508,545.4672131147541,2223.625,529.625
418,1397.850267379679,478.0802139037433,2796.9517241379313,1174.441379310345,2247.3193277310925,546.4117647058823,2221.7916666666665,530.7083333333334
419,1397.8870967741937,478.8763440860215,2797.125,1175.3055555555557,2247.2605042016808,547.3193277310925,2221.5,531.5
420,1397.840425531915,480.00531914893617,2797.3071895424837,1176.2745098039215,2247.082089552239,548.4477611940298,2222.3555555555554,531.7111111111111
421,1397.8967391304348,480.8152173913044,2797.337748344371,1176.6158940397352,2246.8015873015875,548.936507936508,2222.4418604651164,532.2093023255813
422,1397.4032258064517,481.2204301075269,2796.5779220779223,1176.9545454545455,2246.467741935484,549.3951612903226,2221.5098039215686,533.2745098039215
423,1396.8368421052633,481.08947368421053,2795.8853503184714,1176.6687898089172,2245.669565217391,549.3391304347826,2221.4583333333335,533.2291666666666
424,1396.7393617021276,480.8510638297872,2795.6447368421054,1176.5394736842106,2245.495867768595,548.7107438016529,2220.9333333333334,532.4666666666667
425,1396.75,480.2447916666667,2795.5866666666666,1176.3133333333333,2245.3688524590166,548.1639344262295,2220.5,532.1
426,1396.9896907216496,479.88659793814435,2796.2466666666664,1175.4,2245.75652173913,547.6260869565217,2220.815789473684,531.421052631579
427,1397.6040609137056,479.6802030456853,2797.0063694267515,1175.248407643312,2246.6694214876034,547.5537190082645,2221.945945945946,531.5135135135135
428,1398.8263157894737,479.14736842105265,2798.3151515151517,1174.8909090909092,2247.5585585585586,547.4144144144144,2222.625,531.125
429,1399.7486910994764,478.9005235602094,2799.4117647058824,1174.7058823529412,2249.0887096774195,546.7258064516129,2224.08,530.76
430,1399.969696969697,478.35858585858585,2799.935064935065,1174.6883116883116,2249.192,546.12,2224.214285714286,530.5714285714286
431,1399.9497487437186,477.79899497487435,2799.947712418301,1174.5032679738563,2249.3821138211383,545.959349593496,2224.3823529411766,529.9411764705883
432,1400.5392670157069,478.67539267015707,2799.425287356322,1173.5057471264367,2249.6428571428573,545.8095238095239,2223.7727272727275,529.5909090909091
433,1399.585635359116,477.78453038674036,2798.8630952380954,1173.1607142857142,2248.4461538461537,545.2,2223.6170212765956,528.8936170212766
434,1398.8395721925133,477.75401069518716,2798.5092024539877,1172.9570552147238,2247.9302325581393,545.2170542635658,2223.1555555555556,528.7555555555556
435,1398.3796791443851,477.2513368983957,2798.367741935484,1173.090322580645,2247.872180451128,545.4436090225564,2222.4871794871797,528.6666666666666
436,1398.2967032967033,477.9175824175824,2798.218543046358,1173.76821192053,2247.8888888888887,546.0074074074074,2222.054054054054,529.2432432432432
437,1398.2596685082874,478.9171270718232,2797.75,1174.5448717948718,2247.6129032258063,546.9596774193549,2222.5,530.5
438,1397.901098901099,479.84065934065933,2797.360248447205,1175.6894409937888,2247.584,548.048,2222.2972972972975,530.918918918919
439,1397.125,480.35869565217394,2796.132183908046,1176.1264367816093,2246.254098360656,548.2459016393443,2222.3214285714284,531.8928571428571
440,1396.8,480.7897435897436,2795.9135802469136,1176.6913580246915,2245.9847328244273,549.5725190839695,2221.2083333333335,532.2916666666666
441,1396.6577540106953,481.01604278074865,2795.9135802469136,1176.6913580246915,2245.9847328244273,549.5725190839695,2219.8688524590166,533.1475409836065
442,1396.7671957671957,481.010582010582,2795.7631578947367,1176.8815789473683,2245.6612903225805,549.4032258064516,2220.1739130434785,533.2391304347826
443,1397.0531914893618,481.2074468085106,2795.7631578947367,1176.8815789473683,2246.3203125,549.1171875,2220.6222222222223,533.3777777777777
444,1397.7397959183672,481.3724489795918,2796.7032258064514,1176.9161290322581,2246.93661971831,549.1901408450705,2221.181818181818,532.8363636363637
445,1398.1538461538462,481.2717948717949,2796.883116883117,1176.9675324675325,2247.330985915493,548.8450704225352,2222.108695652174,533.0869565217391
446,1398.7208121827412,480.88324873096445,2797.566037735849,1176.6666666666667,2247.973509933775,548.5165562913908,2222.659090909091,532.75
447,1398.857142857143,480.33673469387753,2798.1096774193547,1176.6129032258063,2248.1342281879197,547.8523489932886,2223.122448979592,532.0204081632653
448,1398.959595959596,479.8181818181818,2798.3673469387754,1175.795918367347,2248.6338028169016,547.3098591549295,2223.2340425531916,531.936170212766
449,1398.9949748743718,479.15577889447235,2798.5033112582782,1175.291390728477,2248.5616438356165,546.7260273972603,2223.560975609756,531.6585365853658
450,1399.04,478.795,2798.685534591195,1175.0188679245282,2248.748201438849,546.2302158273382,2224.222222222222,530.9444444444445
451,1399.3668341708542,478.5527638190955,2799.0680272108843,1174.9319727891157,2248.753623188406,546.1811594202899,2224.5128205128203,530.9487179487179
452,1399.585,478.255,2799.3481012658226,1174.607594936709,2248.897810218978,546.1167883211679,2224.108108108108,530.6756756756756
453,1399.585,478.255,2798.919254658385,1174.8695652173913,2248.874125874126,546.2797202797203,2224.108108108108,530.6756756756756
454,1399.1770833333333,478.5260416666667,2798.553459119497,1175.0125786163521,2248.7162162162163,546.4459459459459,2224.151515151515,531.1515151515151
455,1398.4083769633507,478.90575916230364,2797.6827586206896,1175.4344827586208,2247.8478260869565,547.1594202898551,2223.0588235294117,531.5588235294117
456,1398.010582010582,479.37566137566137,2796.9411764705883,1175.5941176470587,2247.974025974026,548.1233766233767,2221.5,530.5
457,1397.3147208121827,479.9492385786802,2796.19375,1176.2875,2246.75,548.7430555555555,2221.2972972972975,531.2702702702703
458,1396.9947916666667,480.421875,2795.974358974359,1176.3461538461538,2246.375886524823,548.822695035461,2221.2413793103447,532.2758620689655
459,1397.179487179487,480.95897435897433,2795.974358974359,1176.3461538461538,2246.534722222222,549.2638888888889,2220.5333333333333,532.5777777777778
460,1397.438775510204,481.2908163265306,2796.2451612903224,1176.8,2246.7841726618703,549.3381294964029,2220.813953488372,532.953488372093
461,1397.3673469387754,481.6530612244898,2796.3670886075947,1176.9113924050632,2246.410071942446,549.6043165467626,2220.3888888888887,533.8055555555555
462,1397.8673469387754,481.58673469387753,2796.6510067114095,1177.4026845637584,2246.550724637681,549.6304347826087,2221.681818181818,533.7272727272727
463,1398.0366492146597,481.4816753926702,2797.157894736842,1177.2894736842106,2247.43661971831,549.4647887323944,2221.7727272727275,533.5909090909091
464,1398.1631578947367,481.2631578947368,2797.1917808219177,1176.7876712328766,2247.6376811594205,549.4927536231884,2221.7727272727275,533.5909090909091
465,1398.6649214659685,480.86387434554973,2797.75,1176.3125,2248.1328125,549.078125,2222.1521739130435,533.2826086956521
466,1399.03125,480.6302083333333,2798.6942675159235,1176.4331210191083,2248.6363636363635,547.9545454545455,2222.7894736842104,532.8157894736842
467,1399.9896373056995,480.0103626943005,2799.777777777778,1175.9346405228757,2249.376,547.496,2224.1388888888887,531.8611111111111
468,1400.469387755102,479.51020408163265,2799.758823529412,1175.429411764706,2250.4172661870502,547.2446043165468,2224.5,531.5
469,1400.3578947368421,479.2368421052632,2799.765060240964,1175.2469879518073,2250.4172661870502,547.2446043165468,2224.5,531.1153846153846
470,1400.2694300518135,479.16062176165804,2799.765060240964,1175.2469879518073,2250.542253521127,547.1901408450705,2224.5,531.1153846153846
471,1399.459595959596,479.22727272727275,2798.77245508982,1175.0838323353294,2249.2748091603053,547.175572519084,2223.6153846153848,531.0384615384615
472,1398.9528795811518,479.0994764397906,2798.2608695652175,1175.2857142857142,2248.9703703703703,547.0444444444445,2222.921568627451,530.9803921568628
473,1398.25,479.2295918367347,2798.0,1175.3636363636363,2248.4692307692308,547.2384615384616,2222.3,531.375
474,1397.7272727272727,479.5,2797.268456375839,1175.4832214765102,2247.8611111111113,547.5277777777778,2222.4137931034484,531.5862068965517
475,1397.609375,479.765625,2796.509433962264,1175.4779874213837,2247.133333333333,547.4666666666667,2222.0526315789475,531.7894736842105
476,1397.2105263157894,480.0263157894737,2796.1304347826085,1175.6397515527951,2246.979865771812,548.0939597315436,2221.05,531.85
477,1396.8894736842105,480.20526315789476,2795.8823529411766,1176.1699346405228,2246.587837837838,548.1891891891892,2220.318181818182,531.7727272727273
478,1396.8820512820512,480.5076923076923,2795.7533333333336,1176.1866666666667,2246.6689189189187,548.5135135135135,2220.5,532.2857142857143
479,1396.6825396825398,480.989417989418,2795.4137931034484,1176.655172413793,2246.4825174825173,549.2657342657343,2220.5,532.6842105263158
480,1397.1510416666667,481.1302083333333,2796.367741935484,1176.7677419354839,2245.5833333333335,549.0757575757576,2220.1884057971015,532.7246376811594
481,1397.609375,480.9895833333333,2796.3931034482757,1176.5448275862068,2245.88,549.048,2220.5396825396824,532.5555555555555
482,1398.287234042553,480.9308510638298,2797.5135135135133,1176.5,2247.021126760563,549.2676056338029,2221.5833333333335,532.8
483,1399.2989130434783,480.70652173913044,2798.659722222222,1175.9444444444443,2247.891304347826,548.4492753623189,2222.4827586206898,532.2241379310345
484,1400.3247422680413,481.17525773195877,2798.6688741721855,1176.112582781457,2248.4236111111113,548.5416666666666,2223.1739130434785,532.5434782608696
485,1400.5677083333333,480.2083333333333,2799.6041666666665,1176.125,2249.4074074074074,548.074074074074,2223.8048780487807,532.0975609756098
486,1400.5873015873017,480.015873015873,2800.0220588235293,1175.7205882352941,2249.3984962406016,547.7518796992481,2224.5714285714284,531.5102040816327
487,1400.1947368421052,479.8,2799.758865248227,1175.6028368794325,2249.4,547.4846153846154,2224.568181818182,531.3636363636364
488,1399.8505154639174,479.4639175257732,2799.385185185185,1175.2222222222222,2248.6290322580644,547.3064516129032,2223.529411764706,531.4313725490196
489,1399.2052631578947,479.19473684210527,2798.760563380282,1175.0422535211267,2247.9754098360654,547.2950819672132,2222.9166666666665,531.1875
490,1398.8534031413612,479.21989528795814,2798.134328358209,1174.7537313432836,2247.7355371900826,547.2809917355372,2222.318181818182,531.2272727272727
